index,UID,nickname,Level,unix_stamp,Text
,,,,,
1,39199822,至尊龙梦雨,17,1524834210,不要脸
2,2647362,逝月随风,8,1524834211,鞭上？
3,150628773,绿茵王者CR7,4,1524834211,阿二打不到车
4,148543163,小怂邦,3,1524834212,我吃
5,46022374,遥方emm,20,1524834212,我二哥呢
6,192278152,叫什么都有一样的,2,1524834212,天王盖地虎
7,148385457,生活不易珍惜当下,5,1524834213,演员已就位
8,30311624,早睡早起吃我一鸡,11,1524834213,"暗号：对A,要不起"
9,191676511,花柳,3,1524834213,还美颜
10,160954376,俊少1953,4,1524834214,平胸人又老可以
11,200063601,我的老女人老女人,2,1524834215,鞭上
12,159857377,亦梦殊途,10,1524834215,过分
13,183298305,记得微笑2012,17,1524834216,强行改名字
14,167114992,漂浮中1219,50,1524834216,美美美.....
15,36656677,冰封承诺吾,18,1524834216,好丑
16,25960199,358374598,5,1524834217,你怎么这么平啊
17,171398235,hty171009,8,1524834217,？
18,151792448,子子家的灵婷,6,1524834218,老女人死平胸
19,107383528,阿祟s,10,1524834218,二哥呀，快来
20,46022374,遥方emm,20,1524834219,我要我二哥
21,199854386,呵呵18324,3,1524834219,脱粉了
22,1332590,zfzf13143,8,1524834219,老女人死平胸
23,153856227,QC彡博,4,1524834220,哈哈哈哈
24,65694118,天帝之眼123,6,1524834220,坐边上  自己动
25,174751672,亚洲无敌卢哥哥,3,1524834221,[emot:dy101][emot:dy101]
26,72502276,骑士丶境界,26,1524834221,鞭上
27,40817852,呆妹儿我喜欢你,4,1524834222,呆妹儿媳妇我爱你??
28,14101078,风月傲雪,13,1524834222,哈哈哈哈哈哈哈哈哈
29,161647924,可爱的小花花呢,10,1524834222,呀
30,21602395,倾我一生一世念狗娃,10,1524834223,又来了
31,198203902,杨家坪彭于晏丶,6,1524834223,老女人不要脸，还叫别人姐姐
32,198612948,平胸人还老,14,1524834224,哇  隔空对暗号 你还念错 
33,162512609,TONGWAISOI,5,1524834224,哇
34,163431512,疯人愿Fanmeiy,5,1524834224,我要二哥
35,146902966,南派倒斗丶玩玩,16,1524834226,有一个演员
36,2661318,喵喵丶喵Sir,9,1524834226,叫谁姐姐呢 臭不要脸
37,77769578,TD丶如风LC,21,1524834226,又来了
38,3157971,夕ui,10,1524834227,对A
39,12227725,djshb,16,1524834227,二哥呢
40,122402197,听噗噗唱歌AA,14,1524834227,干嘛呢
41,52394552,辅助超神啦,3,1524834227,Aaaaaaaa
42,139376061,Ntitw,13,1524834228,自己家太厉害了
43,107383528,阿祟s,10,1524834229,?二哥快来?
44,59136014,啊啦嘎污啊啦嘿,19,1524834229,对A
45,194043756,午后热茶,4,1524834230,阿二
46,109577934,枪火擎天柱,6,1524834230,阿二
47,22704511,志红龙,12,1524834231,二哥
48,148714308,嗨Z贝贝熊F,3,1524834231,啊二来了会失望的
49,37747756,文小文先生,14,1524834231,[emot:dy111]
50,58090998,321成业,8,1524834232,牛逼啊
51,48835924,唯我丿雪家师,10,1524834232,死GAl到处要照片
52,27894352,1103371542,14,1524834232,二哥呢
53,118799587,呆妹儿的南朝,13,1524834233,社会我呆没，胸少没人看
54,140455584,野的像N,4,1524834233,真的P
55,54470026,克里斯田的鱼,14,1524834234,你这是在哪我去找你吧
56,140856869,萝莉软软呐,12,1524834234,?
57,64708824,呆妹儿的小迷弟mua,19,1524834235,美美美美美美美
58,161112388,Dy酒男,14,1524834235,老女人
59,194457416,傲慢家的二狗子,8,1524834235,瓦特？
60,76718602,世纪大酒店就,3,1524834236,坐我“边”上
61,106986364,翻手覆云雨,16,1524834236,阿二
62,161647924,可爱的小花花呢,10,1524834236,6666666
63,195633984,万人拥我为男神,2,1524834237,娘炮
64,73572637,向欧皇橙鸦势力低头,14,1524834237,？？
65,135561611,MARV23,5,1524834237,哈哈哈
66,140806622,优雅绅士山治,14,1524834237,？？？？？？？
67,182193469,谷大圣,2,1524834238,看阿二
68,2950445,空格与白,8,1524834238,？？？？？？？？？？？
69,163431512,疯人愿Fanmeiy,5,1524834238,我二哥呢  
70,143512863,吹啵Qa,5,1524834239,??????丿
71,66987580,装NM,16,1524834239,？？？？？？？？
72,22549924,黑色筱五,10,1524834240,情况不对呀
73,184183902,呆妹儿的九,12,1524834240,演员又来一个
74,35048617,我是你的稻艹人,36,1524834240,我的天厉害了
75,70390952,打火机QAQ,15,1524834241,演员
76,166323550,冯程程的前男友,6,1524834241,坐我鞭上
77,38581678,蛇上毛,24,1524834241,想透？？？？
78,2241136,1104121342,14,1524834242,？？
79,175548466,宿命ZBH,3,1524834242,又来一个？
80,10273754,学生会副会长,19,1524834242,？？？？？？？？？？？
81,536678,批哩批哩干呗,9,1524834242,演员
82,185686045,15184549啊啊啊,7,1524834242,狙击手到了
83,146802158,南笙crx,6,1524834243,要脸吗
84,182346899,居袖,11,1524834244,这是请了多少个
85,177229315,liarns,6,1524834244,肥二呢？？
86,196260879,随遇而安21961,5,1524834245,二哥好胖
87,6235505,泅渡丨,20,1524834245,对A
88,57937500,小涵哒哒,7,1524834246,又来一个
89,186566348,落地不成和子,5,1524834246,？
90,135561611,MARV23,5,1524834247,小哥哥
91,186279996,舌尖猎人等于高级吃货,14,1524834247,这女人又夸自己，来了
92,199819114,夹心的机长,3,1524834247,怎麽那麽多演员
93,26542722,Happy大懒猫,20,1524834248,小二跑来了
94,34172661,乔家的帅球球,12,1524834248,啊二
95,54323267,路人小隆解说,17,1524834248,?
96,160954376,俊少1953,4,1524834248,333
97,26992356,么么哒爱你2015,5,1524834249,二哥累
98,143395379,60啧啧06,5,1524834249,??????????????????
99,169546318,错过JH,10,1524834249,不要脸
100,198653679,Xiiao宏,4,1524834250,又来一个b
101,193005913,我不醉谁醉,3,1524834250,比人家姐都大，还喊别人姐姐
102,181638733,咸大吉c,11,1524834250,等下下播领盒饭
103,12580886,亦而伞斯午,19,1524834251,扎心TV
104,153731706,夕B,16,1524834251,？？？？？
105,184183902,呆妹儿的九,12,1524834251,老板大气。
106,188092936,迟逢,20,1524834251,老板大气
107,166996565,雨雾晨星,6,1524834252,二哥要凉
108,76718602,世纪大酒店就,3,1524834253,脸皮多厚
109,197033274,一号角色,3,1524834253,不要脸
110,190097285,没有名字43210,11,1524834254,老板大气
111,41037448,呆妹的小默默,11,1524834254,老板大气
112,190110781,憨憨小王,6,1524834255,你明明胖了
113,90933548,像峰很洒脱,16,1524834255,演员
114,161112388,Dy酒男,14,1524834255,老女人，
115,25536724,回不去曾经,24,1524834255,全是演员
116,153773193,CKlosn,5,1524834256,又来一个演员
117,9979904,小镇上的旅者,18,1524834257,演员
118,17380853,微笑的旧世代一席,38,1524834257,善良大气
119,14962298,790116078,18,1524834257,66666666
120,12227725,djshb,16,1524834258,我二哥呢
121,106986364,翻手覆云雨,16,1524834258,演员
122,45004298,Venture丶丨丿,12,1524834259,不要脸
123,19895573,1956263115,15,1524834259,做你鞭上？？？
124,10706777,呆妹儿的小嘉楠,20,1524834259,老板大气
125,27308909,入戏三分醒丶,20,1524834260,三号演员登场
126,1900862,吃瓜群众大将军,14,1524834263,原来直播视角？
127,188689368,Your迷迪,4,1524834263,阿二呢？
128,184573045,呆大大大大大大大,25,1524834264,？？？？？？？？？？？？？？？？？？？
129,160954376,俊少1953,4,1524834264,演员
130,12580886,亦而伞斯午,19,1524834264,老板超火大气！！！
131,155716762,懒人686,2,1524834265,演员
132,23100978,你de小叶子,7,1524834265,暗号
133,107335814,Paranoid1029,14,1524834265,老女人
134,20146815,1184189063,4,1524834265,全是演员
135,145819498,笑称人心o,9,1524834266,演员
136,38496875,而是别问,10,1524834266,暗号暗号
137,41037448,呆妹的小默默,11,1524834266,大气大气
138,183298305,记得微笑2012,17,1524834267,老板超过大气
139,59922514,对酒当歌请自醉,4,1524834267,演员
140,200627476,呆妹儿我喜欢你,4,1524834267,呆妹儿媳妇最美
141,166611012,就爱听呆妹唱歌,17,1524834268,善良大气善良大气善良大气
142,17737139,hzw1994,12,1524834268,演员二号到位
143,191414302,66的妹夫,3,1524834268,巨星
144,163689176,浅夜残梦,2,1524834269,演员加鸡腿
145,140455584,野的像N,4,1524834269,都是演员
146,169192427,呆若木妹儿LJ,19,1524834269,过分了  这么多演员
147,198647984,舞戏天下,4,1524834269,看的到阿二吗
148,19453665,好y用,37,1524834270,[emot:dy102]
149,31801514,锦鸿,16,1524834270,66666666666
150,194123878,MMP呆二龙,5,1524834270,二哥呢
151,42056388,321梅西123,8,1524834271,老女人
152,37615055,哇哈哈巴拉拉,9,1524834271,呆妹我老婆
153,184573045,呆大大大大大大大,25,1524834271,这个演员加鸡腿
154,87290043,aaaa啊啊啊1,6,1524834272,演员
155,182637464,斗鱼用户vQtJwKL2,2,1524834272,暗号
156,69743800,缘来如此撩人,24,1524834272,演员*3
157,161114378,仙嗨009,10,1524834273,请了几个？
158,1332590,zfzf13143,8,1524834273,群演
159,5743409,陌路拾爱终究是过客i,11,1524834274,666
160,53780294,如有三秋,13,1524834274,呆妹在哪，武汉吗
161,171288863,小王子@cZ,8,1524834274,群演
162,2664693,玉林萧,13,1524834275,？？？？？？？？？？？？？？？？
163,23758350,我就阚阚,18,1524834275,演员你说你??呢？
164,57283816,BEST451,13,1524834276,一群演员
165,158908340,苏星Z,4,1524834276,兄de
166,24847338,bsylove,8,1524834276,演员~薛之谦。
167,107383528,阿祟s,10,1524834277,演员已到位
168,99857676,呆呆and笨笨,30,1524834277,哇   老板大气
169,37282143,胖宝宝狗带了,26,1524834277,老女人散发第二春
170,58620796,跑跑粉丝毛毛,12,1524834278,yanyuanq
171,101369915,久绊醒梦,7,1524834279,二哥呢？？？？？？？？？
172,158280016,皮皮蛇油虾怪,8,1524834279,多少钱请的
173,9173771,784510090,9,1524834279,高中生？
174,14178619,ZhangYushun,17,1524834279,托
175,188689368,Your迷迪,4,1524834280,快去旁边领盒饭
176,2664693,玉林萧,13,1524834280,？？？？？？？？？？？？？？？？？
177,151687805,我困在你城,8,1524834281,这谁？演的像啊
178,178699566,唯我丿雪家师,10,1524834281,刚才看到GAl了
179,167158770,今天睡丶,19,1524834282,善良大气
180,172233563,发货好的刚到公司,3,1524834282,加鸡腿??
181,1066043,xaio1988y3,12,1524834283,善良大气
182,34843788,佛宝Bobby,16,1524834283,谢谢善良 善良大气 善良大气 善良么么啾谢谢善
183,54499030,qazwsx123mimi,21,1524834284,66666666
184,15021673,姜子牙疯狂捕鱼,20,1524834285,双飞
185,30548277,帅气的迷离哥哥,7,1524834285,请了几个
186,21222091,丿威震天丶,22,1524834285,膨胀了
187,182195002,放开的一瞬间,2,1524834287,刘宇航
188,19606966,狂拽酷炫尼玛炸,9,1524834287,暗号呢
189,164656716,锦鸿,16,1524834287,..............
190,166550009,崩溃的面具,14,1524834288,痴汉[emot:dy101]
191,188121219,Kevinbis,6,1524834288,大气
192,21336108,1219丶小南南,13,1524834289,善良大气
193,17737139,hzw1994,12,1524834289,良心网红
194,167114992,漂浮中1219,50,1524834290,大獯
195,64106442,屋檐下雪,7,1524834290,暗号
196,15075291,舒骚,7,1524834291,66666666666
197,193471787,冒险的人生13099,2,1524834291,老女人呵呵
198,196618567,过儿呀06670,3,1524834292,善良大气
199,74525256,孟婆灬来碗汤丶,6,1524834292,1
200,21602395,倾我一生一世念狗娃,10,1524834292,???????
201,12177873,你的笑声使我匍匐前行,25,1524834292,你还需要这样的演员吗？收费美丽
202,189181939,尤里2018,11,1524834293,6666666666666
203,166996565,雨雾晨星,6,1524834293,学生
204,74072619,易忠任997,6,1524834294,我在满武汉找你，真的
205,55334044,太年轻Ti,13,1524834294,演员
206,14539750,呆弟儿shisan,9,1524834294,善良大气
207,5140957,小米深北77,27,1524834295,。。。。。。。
208,183144887,独爱呆妹儿,16,1524834295,善良大气 善良大气
209,187634511,我是栩S如生,15,1524834295,哇
210,136894459,闫小涛爱斗丶鱼,2,1524834296,呆妹是咋西安人
211,183298305,记得微笑2012,17,1524834296,善良大气
212,145566284,薛之谦的小伙计,3,1524834297,加鸭腿
213,24847338,bsylove,8,1524834297,善良大气
214,158917805,新天鹅堡2017,7,1524834297,哈哈区啊哈
215,5714899,cwl8650,8,1524834297,演技太差
216,178699566,唯我丿雪家师,10,1524834298,GAl还在么
217,60266650,呆妹儿的小刚子,22,1524834298,。。。。。。。。。。
218,196281483,paullook,19,1524834298,哈哈哈阿哈哈哈
219,161559363,呆妹儿的咪咪平,17,1524834299,6666666
220,164611541,WX狂少,7,1524834299,66666
221,122402197,听噗噗唱歌AA,14,1524834299,23333333
222,20946795,Sura灬泪,4,1524834300,对暗号
223,27308909,入戏三分醒丶,20,1524834300,？？？？？？？？？？？？
224,35048617,我是你的稻艹人,36,1524834300,哈哈
225,30708434,呆妹儿的什么邪,34,1524834301,自己人
226,48338327,Yuanxianka,11,1524834301,.......................
227,14962298,790116078,18,1524834301,666
228,54957219,熊大亨,4,1524834301,二哥
229,40872246,偷师地盘健健康康,3,1524834302,哈哈哈
230,164420545,我家然的凉初人,12,1524834302,老板大气
231,76407576,嘿嘿嘿来屎狗,4,1524834303,老婆你在那里啊现在
232,18029389,1481659237,20,1524834303,七一中学？
233,182195002,放开的一瞬间,2,1524834303,刘宇航看着
234,54770271,呆妹儿的骚斌,12,1524834304,？？？？？？
235,183298305,记得微笑2012,17,1524834304,666666666666
236,54853931,784510090,9,1524834304,高中生。
237,111048010,浮华丶尽显丑态,7,1524834305,？？？？？？？？？？
238,192158264,大哥今晚打谁,8,1524834305,6666666666
239,100180725,禽小兽slash,7,1524834305,二哥呢
240,18784830,江南雨巷等我冷,38,1524834306,666666
241,18052178,美眉控丶,16,1524834306,那来的演员
242,183144887,独爱呆妹儿,16,1524834306,可以可以
243,54063084,煲丿仔饭丶,6,1524834307,666666
244,12669225,liangzuqian1988,3,1524834307,666666
245,186279996,舌尖猎人等于高级吃货,14,1524834307,胸小话还多！
246,189709215,不明所以的疯子,2,1524834307,可以的
247,60486346,心感163,9,1524834308,这个是高中生这个是高中生这个是高中生这个是高
248,141746024,我是水瓶座伤心事,14,1524834308,54treyty
249,143082210,从容冷路人,10,1524834308,"色情主播,我报警啦！"
250,46880117,SSZandy,9,1524834308,武汉第二高中
251,139140904,小胖瘦身中,9,1524834309,真爱粉
252,182976173,M砉涔,9,1524834309,二哥呢
253,5598805,爸妈逼我娶呆妹,16,1524834309,羞耻
254,164681243,地势坤嘻嘻,10,1524834310,6666666
255,153856227,QC彡博,4,1524834310,hahhhahhhhhhhhhhhhhh
256,146802397,因为遇见丶你,7,1524834311,胸[emot:dy003][emot:dy003]
257,30006409,左手插袋丶痴戒,13,1524834311,6666666
258,186852292,Gggy呆子,17,1524834311,这也太真实了吧[emot:dy102]
259,108838175,游梦浮说,20,1524834312,中学生
260,183716,kimheesun178,6,1524834312,哈哈哈哈哈哈
261,186911546,缘来是你呆妹儿,11,1524834314,这小哥可以呀~~说出来了...
262,60486346,心感163,9,1524834314,这个是高中生
263,198280243,流星l遥不可及,5,1524834314,这个群演给加鸡腿
264,189181939,尤里2018,11,1524834315,豌豆有一对6666666666666
265,148898072,q情起,5,1524834315,呆总真的好看
266,35308383,超级呼噜猫,8,1524834316,不是二哥
267,186455322,只为呆妹而来,12,1524834317,善良大气 善良大气 善良大气 善良大气善良大气 善良大气 善良大气 善良大气善良大气 
268,187633182,呆妹儿的呆某人,13,1524834317,二哥凉了
269,23983740,1299029192,9,1524834317,？？？
270,60486346,心感163,9,1524834318,这个是高中生这个是高中生
271,182781510,熊孩子iii,8,1524834318,66666666666666
272,160156645,一个佑我的人,2,1524834318,阿姨好
273,176570963,朵筱梦,14,1524834319,二哥呢！
274,45111379,轩小沫dc,8,1524834319,对A要不起
275,59446276,EDGBumblebee,14,1524834319,胸大用手扶
276,35626635,55开没女粉66,10,1524834319,在哪
277,197033274,一号角色,3,1524834320,二哥。？
278,62276138,董大大66,6,1524834320,平胸老女人
279,19356045,Appoo,13,1524834321,牛逼
280,29732173,小青浦丶,23,1524834321,平胸一对a
281,153470207,无情x小斌,2,1524834322,（???)（°?°)?
282,183298305,记得微笑2012,17,1524834323,这个演员到位
283,186653864,追忆不期而遇,17,1524834323,多少钱请的，
284,158917805,新天鹅堡2017,7,1524834323,武汉人，爽了
285,59136014,啊啦嘎污啊啦嘿,19,1524834324,对A.
286,1332590,zfzf13143,8,1524834325,加鸡腿
287,169002869,滑稽123987傻,3,1524834325,二哥、
288,10706777,呆妹儿的小嘉楠,20,1524834326,来来来 拍拍拍
289,47586889,弑神者661,6,1524834326,大脸
290,48182091,宝宝心里好开心,14,1524834327,对a不用扶
291,1889455,绿日情歌,30,1524834327,老女人
292,70937316,qq1092279212,5,1524834328,抓一手就跑
293,182701942,幻影之舞md,4,1524834328,呕
294,194457416,傲慢家的二狗子,8,1524834328,演员。
295,158280016,皮皮蛇油虾怪,8,1524834328,对a
296,188207139,晔尽天明,11,1524834329,快亲一口
297,184015815,K仔6666,7,1524834329,主播不要逗！
298,38009201,干嘛看我网名,16,1524834330,19高的嘛吗？
299,185783183,啊羽,5,1524834330,哈哈哈
300,192459264,斗鱼用户meeqdH3f,5,1524834330,？
301,16972857,秋天丨雨,18,1524834331,???????
302,127077930,不一般的你哦,2,1524834331,66
303,70598544,贫乳萝莉大花臂lse,17,1524834331, 一对A要不起
304,182195002,放开的一瞬间,2,1524834332,刘宇航看着吗
305,40817852,旧城古街,10,1524834332,1
306,189223519,伞兵一号老陈,2,1524834332,……
307,21982766,467901951,16,1524834333,？？？
308,145293526,彡老马死马,3,1524834333,看一下老二
309,26992356,么么哒爱你2015,5,1524834333,老女人
310,185686045,15184549啊啊啊,7,1524834334,凑不要脸
311,24613044,AD钙奶吖,11,1524834334,阿二
312,3112990,Victoria123,11,1524834335,66666
313,15148408,我只是一枚观众,5,1524834335,土鳖
314,38496875,而是别问,10,1524834335,武汉
315,64136172,写给呆妹儿的情书,13,1524834336,二哥二哥二哥。
316,146123653,Sexyfgoddes,11,1524834336,我想回武汉了
317,176570963,朵筱梦,14,1524834336,0--0
318,40201042,吊丝吊丝小智粉,3,1524834337,直播二哥呀
319,101369915,久绊醒梦,7,1524834337,阿二呢？？？？？
320,188171031,MMP逝水流年,14,1524834337,阿二吗？
321,175548466,宿命ZBH,3,1524834338,票砸手里了
322,36023976,汰汰V,11,1524834338,你斜视
323,189181939,尤里2018,11,1524834338,二哥
324,190576303,苍嗓,3,1524834339,善良大全
325,189694380,爱吃辣条的同桌,3,1524834339,演员挺到位
326,22816324,撒冷马骝的滚犊子,3,1524834339,你平胸
327,74525256,孟婆灬来碗汤丶,6,1524834340,2
328,61928311,大都大都大,4,1524834340,不信
329,192731069,丁丁炒面条,3,1524834340,阿二
330,17737139,彘_,10,1524834341,胸大又什么？
331,109231425,牛洋123456,15,1524834341,阿二？
332,12580043,一醉千年梦红尘,3,1524834341,对√
333,182844693,爸爸在你头顶,2,1524834342,她去的哪
334,3112990,Victoria123,11,1524834342,666666
335,153470207,无情x小斌,2,1524834342,[emot:dy121]
336,24521641,最喜即墨烟花天,7,1524834342,你的脸好大啊
337,38236011,歌德boss,16,1524834343,太吓人了
338,46022374,遥方emm,20,1524834343,我要看
339,152329394,69戳头,8,1524834343,平胸老女人
340,15830134,丶小白的白,5,1524834343,一对A要不起
341,194779534,Lancer57434,2,1524834344,二哥
342,92035203,BonnenuItW,2,1524834344,不是真的扶一下吗？
343,184122069,MrWangCai,5,1524834344,我也是说来重庆
344,3590214,839423991,14,1524834345,看啦呀
345,182301029,TONGWAISOI,5,1524834345,明明哥！！！！明明
346,90620077,集客部领导,11,1524834345,二哥上镜
347,48230778,肥肥酱出没,6,1524834345,把阿二真人爆出来
348,131428388,Flowerove,19,1524834346,我要看教主
349,193209426,九零后空巢大叔,3,1524834346,看看二哥！！！！！
350,14101078,风月傲雪,13,1524834347,gay2
351,140455584,野的像N,4,1524834347,阿二
352,2997745,这样灬,11,1524834347,看看啊
353,181692171,碎的一地斑驳3117,5,1524834348,看看二哥
354,180984481,胡莱不胡来,4,1524834348,人家是当面不好意思损你
355,38496875,而是别问,10,1524834348,阿二
356,69519997,贾邵敦,7,1524834349,为什么他们一起啊
357,136988740,九日的音娆喵,23,1524834349,二哥
358,137316524,斗0堂,5,1524834349,胸小一堆a吗
359,186240080,龙嫂再来一脚,9,1524834349,哇我想看二哥
360,194792694,}宇小哥哥,5,1524834350,社我呆妹 ]胸用手扶
361,188933006,好可爱好可爱哈,3,1524834350,看看看
362,12580043,最孤独的人最亲切o,18,1524834350,阿二
363,186653864,追忆不期而遇,17,1524834350,阿二
364,94496522,一念之间的锋,5,1524834351,看一下
365,21990407,布兰克黎森,22,1524834351,看一下二哥
366,87027919,小KM249,11,1524834352,二哥呢
367,182926905,dlwrlma0516,7,1524834352,明明哥
368,30006409,左手插袋丶痴戒,13,1524834352,二哥
369,154637503,张大仙一米八,2,1524834353,看看
370,66804209,真t,6,1524834353,二哥
371,104337295,V丶Loog,18,1524834354,二哥
372,101766489,肉包子馒头,17,1524834354,胖子
373,54470026,克里斯田的鱼,14,1524834354,这是哪我来找你
374,186852292,Gggy呆子,17,1524834354,教主阿二
375,46022374,遥方emm,20,1524834355,我要看看二哥 我二哥
376,43051556,楼上笑笑笑,6,1524834355,看看
377,161163753,厌末,2,1524834355,看
378,5347674,阿二的乔治小弟,12,1524834355,二哥二哥二哥‘’
379,20692591,呆妹儿的ak47,14,1524834356,我要看阿二
380,200247543,漫画小玩家,3,1524834356,看啊二
381,166611012,就爱听呆妹唱歌,17,1524834356,看一哈子嘛
382,49022904,15681009820,7,1524834357,看二哥
383,27560607,Night丶Samsara,3,1524834357,看阿二
384,41037448,呆妹的小默默,11,1524834357,看明明哥
385,131428388,Flowerove,19,1524834358,上镜啊
386,147612443,513半个貂蝉,2,1524834358,阿二要看要看
387,10706777,呆妹儿的小嘉楠,20,1524834358,教主？
388,107811183,月光Johnie,18,1524834359,jiaozhu
389,52865937,灰色枫叶残,5,1524834359,看二哥
390,188438102,一枝一叶总是情,9,1524834359,暗号不好意思说啊！！！！！！
391,66373543,慕白公子Y,12,1524834360,看看看
392,192459264,斗鱼用户meeqdH3f,5,1524834360,看
393,30708434,呆妹儿的什么邪,34,1524834360,哈哈哈哈哈哈哈
394,183148301,美滋滋牛肉面biu,2,1524834361,看看看看
395,21982766,467901951,16,1524834361,拍他们
396,183469307,喵喵帕嘶,8,1524834362,看明明哥
397,200063601,我的老女人老女人,2,1524834362,鸡腿加龃
398,196804134,就服许仙敢弄蛇,6,1524834363,我要看
399,139596549,罗小恩,6,1524834363,二哥  好
400,28853462,JayChouR,17,1524834364,飘了
401,193637672,我是呆总的欧尼酱,3,1524834364,我要看二哥
402,192043871,童话里有呆妹,6,1524834364,看看
403,90620077,董大大66,6,1524834364,快出境  看看
404,192159765,地势坤嘻嘻,10,1524834365,看看
405,138651300,阴天快乐HAC,3,1524834365,你退后半步的动作是认真的吗
406,167114992,漂浮中1219,50,1524834365,口罩？
407,193524784,觉醒宗师,7,1524834366,想看他们
408,183144887,独爱呆妹儿,16,1524834366,我要看！！！
409,54833584,蛇皮1嘤嘤嘤1,8,1524834366,可以下
410,52512604,Flowerove,19,1524834366,上镜
411,48920110,恼火的洋柿子,17,1524834367,我要看教主。。。。
412,9810272,我是栩S如生,15,1524834367,看阿二
413,180447675,家族forever,2,1524834367,阿二，出镜
414,196618567,过儿呀06670,3,1524834368,拍拍拍 看看脸
415,182980447,路漫漫19960304,2,1524834368,土匪...
416,13985375,张目对日,5,1524834369,能快进吗
417,41172822,刘子萱么么哒,16,1524834369,镜头
418,191620344,萧飒暮蝉hui,5,1524834369,看阿二
419,197905378,呆妹儿的猫没球,7,1524834369,看二哥看二哥
1,3766965,卡尼吉娃娃,15,1524834947,阿二萌萌哒
2,18729416,萌城夏日,14,1524834948,明明哥
3,58200616,无题c,24,1524834948,我也是内江的
4,181302647,呆妹儿的小东东,37,1524834948,童颜阿二
5,111952180,梅林雪,6,1524834949,好近
6,32849528,呆妹儿机灵鬼,32,1524834950,爱好男，爱好男
7,107320990,DerletzteMann,8,1524834950,二哥大气
8,66755469,兔子去八网易它妈,22,1524834951,大气
9,26299706,Vampires凌乱,16,1524834951,66666666666
10,118868110,cy15951636434,4,1524834951,阿二撒个娇
11,45671090,江南大色五味杂陈aqa,10,1524834952,垮了
12,168891272,主播阿桢,10,1524834952,大气
13,57425029,叶家军嘉铭,15,1524834952, 呆妹出来
14,160060637,浪味仙女xuer,6,1524834953,二哥好可爱！！
15,52482000,babuby,6,1524834953,呆妹来武理，有很多小哥哥
16,189181939,尤里2018,11,1524834954,二哥等会来一首啊
17,39738702,PpZz333,8,1524834954,帅
18,192950639,B一a候01721,7,1524834954,二哥，以后露脸直播吧
19,93405605,建kang,6,1524834955,爱好男生
20,160724458,VerberKing,9,1524834956,阿二大气！！！！
21,109508973,恐低的长颈鹿,16,1524834956,二哥你别害羞
22,27221725,9年的夜晚还差1年,8,1524834957,阿二我老乡
23,58635368,guogedeweixiao,14,1524834957,二哥好帅二哥好帅二哥好帅二哥好帅二哥好帅二哥好
24,16129617,a1093785792,4,1524834957,啊二不自然
25,66373543,慕白公子Y,12,1524834957,二哥大气
26,190021587,呆妹儿的Superman,14,1524834958,二哥大气
27,142350176,梦幻天使唯一,9,1524834959,一个火箭
28,20989154,淡述520,17,1524834959,送上了
29,55754997,佩奇社会人,15,1524834959,666666666666666666666
30,48920110,恼火的洋柿子,17,1524834959,二哥大气
31,189985296,呆萌的鹏小弟,10,1524834960,二哥大气
32,77148911,超烦的啊,13,1524834960,阿二666
33,36032462,萨尔瓦托丶达蒙,23,1524834960,忽悠成功
34,191419826,说你的有我呢,3,1524834960,萌
35,32229856,因,9,1524834961,二哥超帅。
36,185380234,呆妹儿的旺仔牛奶,22,1524834961,二哥大气
37,38381599,戒不掉丿酒灬,6,1524834962,老女人
38,27308909,入戏三分醒丶,20,1524834962,二哥大气
39,189384505,五傻哪X粉,9,1524834962,二哥以后可以考虑露脸直播了
40,21602395,倾我一生一世念狗娃,10,1524834963,就是胖了点
41,4564434,光怪陆离丶,5,1524834963,Wifi密码eliville
42,196329805,最美的痕迹叫做回87323,2,1524834963,2哥，我喜欢你
43,155238166,啊啊没的玩啊,7,1524834964,66666
44,10706777,呆妹儿的小嘉楠,20,1524834964,二哥大气二哥大气
45,161159442,Kryssica20,10,1524834964,阿二大气
46,147533240,砰砰Q,6,1524834965,二哥大气
47,36364065,hkvklj7,6,1524834965,哈哈哈哈哈哈哈
48,192380852,K洛神,6,1524834965,6666666666666
49,174180300,呆瓜嘤嘤嘤,5,1524834965,二哥大气
50,54882952,就是这么溜哈哈,19,1524834966,66666666666666666666666
51,162512609,TONGWAISOI,5,1524834966,好擂
52,159429913,伪善的信仰,18,1524834967,二哥帅气
53,198838562,天外玄之音,2,1524834967,阿二666666666
54,198040551,阿二家的小白喵,5,1524834967,6666666666666666666
55,184581633,略略略520q,2,1524834967,二哥大气！
56,140385138,繁华如梦1109,3,1524834968,偷笑了
57,193106361,向命运低,11,1524834968,阿二666
58,14962298,790116078,18,1524834968,啊二6666666
59,154966104,皮皮肉丶,12,1524834969,阿二6666666
60,21400430,永恒hcj,6,1524834969,，看教主
61,12880284,天上陈仙人天下陈谪仙,12,1524834969,哈哈哈哈或或或或或或或或或或或或或或或或或或或
62,32505005,baohua626,22,1524834969,阿二大气 阿二大气 阿二大气 阿二大气 阿二大气
63,157820563,西瓜刀不够长,6,1524834970,阿二666
64,67223601,彼岸灯火111,4,1524834970,200斤
65,164611541,WX狂少,7,1524834970,666666666666666666666
66,142162095,粉红枪杀少女,3,1524834971,阿二66666666666
67,164972833,呆河马咧,7,1524834971,阿二大气
68,142350176,梦幻天使唯一,9,1524834971,666666666
69,168460294,何必善良zz,8,1524834971,66666666
70,170297195,地滚雷小姐想瘦瘦,19,1524834972,阿二666
71,184176142,多糖少辣,5,1524834972, 老板大气
72,172186165,樱尊丶,14,1524834972,二哥大气！二总大气！
73,21489908,zhangxinhaoshuai,9,1524834973,66666666666666
74,193343061,七彩幽灵,10,1524834973,啊二。66666666
75,190279653,墨雨尘音,3,1524834973,66666666666666666
76,21687847,王王王可爱啊,13,1524834973,大气
77,94496522,一念之间的锋,5,1524834974,阿二666
78,36523818,夏末丶夜微凉R,20,1524834974,二哥牛逼
79,15092993,18923253994,2,1524834974,666666
80,192650283,落灬紫枫,9,1524834975,二哥 大气
81,50669043,酒肉吃月辉,23,1524834975,二哥大气二哥大气二哥大气二哥大气二哥大气二哥大气二哥
82,85265841,追逐的海,7,1524834976,6666666666
83,38313996,Hba雅儿,2,1524834976,666
84,186852292,Wain3承影,17,1524834976,阿二66666666
85,18479920,MTVOK,2,1524834977,6666666666666666
86,8982397,rong3036,15,1524834977,阿二666666666
87,127077930,不一般的你哦,2,1524834977,6666
88,134217414,Wjq123hh,10,1524834977,二哥666
89,190139527,饮水十源,4,1524834978,6666
90,176796062,不是永久请别让我拥1,7,1524834978,二哥大气
91,195955089,呆妹儿的二哈,7,1524834978,阿二666666666
92,195173935,垡人需要什麽理由,2,1524834979,二大气
93,186951768,空山岚歌,5,1524834979,阿二大气
94,173997396,喜欢的那个女生,2,1524834979,阿二6666
95,166616994,周大帅哥的家,11,1524834980,哈哈哈
96,26052598,zhoujuliang,6,1524834980,二哥 帅气
97,182399529,UVUVa,4,1524834980,666
98,141744187,skskychoi,51,1524834980,我们要看呆妹
99,147037869,一叶修大神,7,1524834981,啊二6666666666666666666
100,167558563,呆妹儿的小咪咪,17,1524834981,阿二66666666
101,192655703,呆妹三十八D,10,1524834981,二哥大气帅
102,172424987,国服第一游隼,5,1524834981,阿二大气
103,6044511,zjr888,10,1524834982,66666666
104,184014701,别别别闹了啦,2,1524834982,老板大气
105,182203109,晨风中的秋,9,1524834983,666666666666
106,161269831,JonhonYuan,4,1524834983,666
107,198348451,呆总最棒,6,1524834984,阿二老板大气
108,177484550,残梦ty,2,1524834984,阿二66666666
109,87290043,seaboyabcd,9,1524834984,阿二  大气
110,196133938,呆妹旱哪饺,9,1524834985,二哥大
111,15462349,f2631101408,17,1524834986,阿二666
112,191988089,阿二家的王叔叔,13,1524834986,阿二666666666666666666666
113,48712350,洋洋欧巴v5,32,1524834986,666666666666666666666666666666
114,47983263,吾十岁,8,1524834987,二哥666
115,186566348,落地不成和子,5,1524834987,阿二666666
116,183046872,尊无心ㄒ,2,1524834987,阿二6666666
117,191887940,囫囵吞枣222,6,1524834988,阿二666
118,161080896,触c念,14,1524834988,为啥你说话嘴不动
119,76814131,jnzhu,13,1524834988,看看脸
120,155051129,陶子味的大胸ovo,14,1524834991,hahahahah
121,48230778,肥肥酱出没,6,1524834991,阿二66666666
122,95256163,苏豪是大大,12,1524834991,二哥大气
123,166622203,呆妹儿的波啵mua,14,1524834992,阿二666666666
124,184671376,四夕言寺,3,1524834992,二哥最帅，大气
125,191228503,呆若木妹儿LJ,19,1524834992,猝不及防！
126,36364065,hkvklj7,6,1524834993,二哥大气！！！！！！！！！！！！！
127,188207139,玉虚紫清高妙太上元皇,6,1524834993,6666
128,161292552,善良的滨滨,2,1524834993,今晚我是你的人
129,71972178,歪及,6,1524834993,阿二66666
130,113508542,unfetter12138,3,1524834994,666666
131,48835924,bobnemimimi,11,1524834994,啊二大气！！
132,184180869,只是路过的甲式乙人,3,1524834994,老板大气
133,188287241,野生王熊熊,6,1524834995,二总大气二总大气
134,63924325,15035093243,4,1524834995,晚上啪啪啪晚上啪啪啪晚上啪啪啪
135,25965908,359399329,11,1524834995,谢谢阿二哥哥
136,191060976,问天507,9,1524834996,666666666666666666
137,184919919,土豪爱钱,20,1524834996,6666666666
138,26204437,scpop1215,17,1524834996,666666666
139,176570963,朵筱梦,14,1524834996,厉害了
140,72868550,没人安慰的我,5,1524834997,66666666666666666666
141,192950639,B一a候01721,7,1524834997,66666666666666
142,21602395,倾我一生一世念狗娃,10,1524834997,笑死我了
143,184183902,呆妹儿的九,12,1524834997,盔盔大气。
144,180447675,家族forever,2,1524834998,阿二，越来越大
145,5253431,ycg11032,10,1524834998,老女人 死平胸
146,146802158,南笙crx,6,1524834998,大气
147,182988389,七哥家的小小小小米,16,1524834999,盔盔
148,107383528,阿祟s,10,1524834999,盔盔大气
149,147037869,一叶修大神,7,1524834999,教主 摘
150,86959773,onlyv3,14,1524835000,二哥
151,50669043,酒肉吃月辉,23,1524835000,二哥大气二哥大气二哥大气二哥大气二哥大气二哥大气
152,184027905,857974296ww,8,1524835000,想看明明哥露脸
153,61160167,操蛋的人生666,6,1524835000,阿二666
154,169455965,城府kkkk,7,1524835001,55566696666
155,167921916,用户6097573867,5,1524835001,血亏
156,48338327,Yuanxianka,11,1524835001,盔盔大气
157,168460294,何必善良zz,8,1524835002,盔盔火箭来了
158,190097285,没有名字43210,11,1524835002,盔盔大气6666666666
159,187095068,一禄柱,7,1524835002,盔盔大气
160,71972178,歪及,6,1524835003,奎奎
161,20342370,摸扎特i,9,1524835003,秃顶啊
162,20455865,翔家军大佬Aaron,21,1524835003,卧槽  盔盔
163,198456522,呆妹儿的小港粉,5,1524835004,阿二大气
164,185380234,呆妹儿的旺仔牛奶,22,1524835004,盔盔大气
165,127385351,后果挖饿,7,1524835004,一晚500
166,155051129,蔚蓝之苍,4,1524835004,盔盔 大气
167,87290043,aaaa啊啊啊1,6,1524835005,王盔盔大气
168,9176263,峰回路转见天堂,8,1524835005,感觉被套路了
169,29844839,1094568856,19,1524835005,恶心心
170,172424987,国服第一游隼,5,1524835006,有事情
171,166611012,呆妹儿鲁管管,37,1524835006,一百个呆妹就得一百个火箭了，要不起
172,181110012,郑善仙,9,1524835007,二哥66666666
173,54770271,呆妹儿的骚斌,12,1524835007,盔盔大气
174,167720970,我的人生如此多娇,8,1524835007,哈哈
175,47862512,不管你是谁hy,13,1524835008,对a
176,191615317,梨挖,7,1524835008,盔盔大气
177,100566579,一年级小分队,3,1524835008,盔盔大气
178,192731069,丁丁炒面条,3,1524835009,呆总，今天你的了。
179,177743997,狐白学长,2,1524835010,二哥666
180,166143508,呆妹儿是小可爱啊,15,1524835010,盔盔大气盔盔大气
181,148305419,呆妹儿你是我女神,8,1524835010,二哥大气
182,10632093,@凰,16,1524835011,盔盔大气
183,183803789,凑6000火箭娶盔盔,13,1524835011,盔盔
184,184573045,呆大大大大大大大,25,1524835011,盔盔大气！盔盔大气！盔盔大气！盔盔大气！盔盔大气
185,142350176,梦幻天使唯一,9,1524835012,谢谢盔盔的火箭，盔盔大气
186,118799587,呆妹儿的南朝,13,1524835012,盔盔 大气
187,195484997,燕然石勒,4,1524835012,这么虚伪的吗
188,175476101,情兽不深i,3,1524835012,阿二6666
189,178277080,Mds七杀哥,7,1524835013,你喝鱼缸水干嘛
190,184665649,贝里马列丝,12,1524835013,左边男的谁呀
191,44505782,龙帝王子曰,12,1524835013,像我
192,179445632,呆霸天的毛线蛋蛋锤,7,1524835014,盔盔大气
193,144570510,那呀那那呀那,7,1524835014,盔奎大气
194,171099027,bro狮王啊,7,1524835015,盔盔大气
195,134217414,Wjq123hh,10,1524835016,二哥盔盔大气
196,141087367,我是朱别林,3,1524835017,66666666666666666666
197,192043871,童话里有呆妹,6,1524835017,明明哥呢
198,22549924,黑色筱五,10,1524835017,盔盔大气
199,74347041,妍欧尼i,5,1524835019,盔盔大气！！！！！
200,27560494,涛齐baby,12,1524835019,看盔盔
201,145502331,雨滴哗哗的下,13,1524835019,明明哥也摘了呗
202,48514462,clowncx,7,1524835020,大气大气大气大气大气
203,178377488,把你照片做成抱枕,7,1524835020,盔盔大气盔盔大气盔盔大气盔盔大气盔盔大气盔
204,89173145,隔着心疼吖,2,1524835021,武汉天地壹方没错
205,190618975,昏旦气候,2,1524835021,阿二很可爱的！！
206,171461575,呆妹儿的小迷妹儿0,6,1524835021,盔盔大气
207,6307963,Hrz丶Adcarry,7,1524835022,666666666
208,30973092,南州你炜哥,7,1524835023,666666
209,188689368,Your迷迪,4,1524835023,盔盔大气
210,46269933,superne,6,1524835023,不要脸
211,189384505,五傻哪X粉,9,1524835024,二哥
212,1630748,Max丶ammo,20,1524835025,主播草粉？
213,26992356,么么哒爱你2015,5,1524835025,二哥快唱歌啊
214,48514462,clowncx,7,1524835027,大气大气大气大气大气大气大气大气大气大气
215,188063487,村里小霸王呀,2,1524835027,炮友？
216,32505005,baohua626,22,1524835027,盔盔大气盔盔大气盔盔大气盔盔大气盔盔大气盔盔大气
217,73553914,kevinsezct,12,1524835028,二哥好帅，网恋吗，小哥哥
218,61812478,ku的撩人,2,1524835028,晕对a
219,99857676,呆呆and笨笨,30,1524835029,骑士大气
220,62281149,猩红人间,11,1524835029,对A要不起啊
221,175106126,蓝翔学徒,3,1524835029,好可爱
222,195948734,菊爆司马,4,1524835032,盔盔大气
223,183469307,喵喵帕嘶,8,1524835032,盔盔贼漂亮
224,163580633,kelvinpp,4,1524835032,66666666666666
225,76642868,没有短发啊,16,1524835033,见到真人紧张了
226,55754057,独菜者,8,1524835033,哈哈哈
227,19223414,GOD打唠嗑,20,1524835035,哈哈哈
228,19697165,gerenxiaozhu,23,1524835036,10万
229,50364207,魅人心Corry,5,1524835036,盔盔是送给二哥的
230,48338327,Yuanxianka,11,1524835037,哈哈哈哈哈哈哈哈哈哈哈
231,58635368,guogedeweixiao,14,1524835038,哈哈哈哈哈哈哈哈哈哈哈哈
232,36819281,倾听丨雨落,17,1524835038,哈哈哈哈。。
233,89261212,我叫后来啊,11,1524835039,666666666666666666
234,181484223,最强王者79,12,1524835040,66666
235,169192427,呆若木妹儿LJ,19,1524835040,威胁盔盔！
236,138770535,涛士比亚,11,1524835041,哈哈哈哈哈哈哈哈哈哈
237,176570963,朵筱梦,14,1524835041,厉害了
238,87290043,aaaa啊啊啊1,6,1524835042,哈哈哈
239,196804134,0o易o0,8,1524835042,牛的一批
240,140856869,萝莉软软呐,12,1524835043,有飞机
241,180123529,火星孙一峰smg,9,1524835045,老女人
242,62560037,冷夜独醉美,21,1524835045,666
243,184790709,阿二的鲨l鱼妹儿,22,1524835046,二哥帅帅帅
244,108579786,A了的小神威,5,1524835046,二哥害羞了
245,179447078,国服第一游隼,5,1524835047,全体起立
246,192043871,童话里有呆妹,6,1524835047,明明哥
247,85099747,夕阳8晚霞,22,1524835048,那就骑自行车过来
248,190960451,J7Way,2,1524835048,有点失望
249,3613863,名字最好别太长,16,1524835049,没有人晕高铁的
250,17380853,微笑的旧世代一席,38,1524835050,骑士大气
251,15842094,半岛彡铁盒,26,1524835051,哈哈哈
252,162472019,深井烂泥,8,1524835051,奎奎看不下去了，净黑妹妹丢人
253,193005913,我不醉谁醉,3,1524835051,二哥真的帅
254,183138907,ghjdsfg,13,1524835052,二哥大气
255,183144887,独爱呆妹儿,16,1524835052,骑士大气 骑士大气 骑士大气
256,173311637,二哥比右手好用多了,12,1524835052,二哥？？
257,26992356,么么哒爱你2015,5,1524835053,二哥快唱歌
258,55258949,MR丶SURPER,15,1524835053,9666
259,20234159,维我静心,7,1524835054,"无语O__O""…，啥都晕，走路晕吗"
260,154322321,YL喜欢大仙,11,1524835055,看看明明哥
261,17341568,要记得笑,10,1524835056,二锅最帅二锅最帅二锅最帅。。。。
262,8954541,沉睡的单身汉,8,1524835057,明明哥
263,17979641,你是猪吗vov,4,1524835058,看教主
264,174490111,大仙你很吊,10,1524835059,老女人你准备挨炮把
265,126309315,灬月下R,4,1524835059,左边的就是阿二吗
266,192758863,呆妹胸前的俩颗葡萄,8,1524835059,阿二飞机大气
267,169192427,呆若木妹儿LJ,19,1524835060,糙！！！
268,140856869,萝莉软软呐,12,1524835060,有
269,95221724,呆妹儿的皮皮怪,9,1524835061,看明明哥
270,14539750,呆弟儿shisan,9,1524835061,大气大气
271,163431512,疯人愿Fanmeiy,5,1524835061,二总大气
272,28717494,warmboy900508,11,1524835063,坠机了
273,53607871,法术猎人,22,1524835063,肥二
274,56323758,utwedytedv,5,1524835063,明明哥
275,23100978,你de小叶子,7,1524835064,二哥大气有
276,33316761,大大大发0101,9,1524835064,这嘴巴真的大
277,14962298,790116078,18,1524835065,哈哈哈哈
278,160112474,厌世小海,4,1524835066,送
279,188689368,Your迷迪,4,1524835066,二哥开直播啊
280,64708824,呆妹儿的小迷弟mua,19,1524835068,二哥大气！
281,184183902,呆妹儿的九,12,1524835069,哈哈哈
282,127385351,后果挖饿,7,1524835071,继续
283,168268824,冷神人美声甜一对A,6,1524835071,阿二大气  哈哈哈哈哈哈哈
284,57416856,昨夜小翘风雨,23,1524835072,哈哈哈哈，点岔了
285,17191752,缠终说禅,23,1524835072,垃圾主播
286,196281483,paullook,19,1524835073,哈哈哈哈哈哈哈.....
287,12848906,aa13626304611,16,1524835073,田娃
288,21602395,倾我一生一世念狗娃,10,1524835073,二哥可爱
289,24580889,一个人的维博,7,1524835074,马飞飞
290,194001581,我只是难过不能陪你一,4,1524835074,垃圾
291,153174060,zyxxhhh,10,1524835075,再来一个
292,109459071,操俊俊加油,8,1524835076,垃圾主播
293,159429913,伪善的信仰,18,1524835076,哈哈哈哈
294,15173275,独自orz依旧,14,1524835077,你送你嘛呢
295,184573045,呆大大大大大大大,25,1524835077,二总大气二总大气二总大气二总大气二总大气二总大气
296,139520366,雨檬的小小跟屁虫,44,1524835078,呆妹爱你.
297,48835924,bobnemimimi,11,1524835078,6666666666
298,144570510,那呀那那呀那,7,1524835082,笑死
299,109081590,繁华以困,14,1524835083,辣鸡主播
300,190294679,啊迷嘛哄,14,1524835083,我想给二哥刷火箭的
301,30343101,王小贱你懂的,3,1524835084,老女人你真的是够了，老欺负啊二，
302,38858238,为什么n啊,6,1524835084,哈哈
303,828930,呆xxi,12,1524835084,武汉天地?
304,21687847,王王王可爱啊,13,1524835085,垃圾主播
305,89261212,o射日x,12,1524835085,垃圾主播
306,108180764,DaiMeiEr的老谭,26,1524835086,二总大气！
307,162381509,鱼与雨于余渝,15,1524835087,垃圾主播
308,22131570,lxh20008,8,1524835087,这人是谁啊
309,145938023,一直很低调d,9,1524835088,shuodehao
310,118799587,呆妹儿的南朝,13,1524835088,二哥 别哭
311,193524784,0o易o0,8,1524835089,卢本伟牛逼
312,25703837,呆妹儿的小小喵,6,1524835089,辣鸡主播
313,131132360,小猛虫,12,1524835090,垃圾主播
314,12267266,最佳第六人HYJ,40,1524835091,垃圾主播
315,34684864,抓鳖大神,3,1524835091,晚上去啪啪啪
316,70675835,Amazing丨尚酷A,10,1524835092,能看教主吗
317,186692956,mmp好梦,2,1524835092,二哥大气
318,182193469,谷大圣,2,1524835093,垃圾主播
319,83681632,名字什么的就随便,11,1524835093,二哥飞机大气
